8423d9fc-14d1-11ef-bd6f-0242ac1c000c.jpg,['HR 26 CJ 1818']
9ac835fe-14d1-11ef-b898-0242ac1c000c.jpg,['R-183-JF']
9da54b36-14d1-11ef-b898-0242ac1c000c.jpg,['R-183-JF']
9f73eab2-14d1-11ef-b898-0242ac1c000c.jpg,['R-183-JF']
a1423150-14d1-11ef-b898-0242ac1c000c.jpg,['R-183-JF']
a312a85c-14d1-11ef-b898-0242ac1c000c.jpg,['R183-JF']
a5ee5ea4-14d1-11ef-b898-0242ac1c000c.jpg,['R-183-JF']
a8f8df70-14d1-11ef-b898-0242ac1c000c.jpg,['R-183-JF']
ab2ad898-14d1-11ef-b898-0242ac1c000c.jpg,['R183-JF']
acfd4ab6-14d1-11ef-b898-0242ac1c000c.jpg,['R18B-JF']
aeca3e1c-14d1-11ef-b898-0242ac1c000c.jpg,['R183-JF']
b0e4e080-14d1-11ef-b898-0242ac1c000c.jpg,['R-183-JF']
b3d6117e-14d1-11ef-b898-0242ac1c000c.jpg,['R-183-JF']
b6d56d98-14d1-11ef-b898-0242ac1c000c.jpg,['R-183-JF']
b8b52a18-14d1-11ef-b898-0242ac1c000c.jpg,['R-183 JF']
bb4e1956-14d1-11ef-b898-0242ac1c000c.jpg,['R183 JF']
bd378c48-14d1-11ef-b898-0242ac1c000c.jpg,['R183 JF']
c0218760-14d1-11ef-b898-0242ac1c000c.jpg,['R483 JF']
c314752c-14d1-11ef-b898-0242ac1c000c.jpg,['R-183-JF']
c52918c2-14d1-11ef-b898-0242ac1c000c.jpg,['R-183-JF']
c6ee01c2-14d1-11ef-b898-0242ac1c000c.jpg,['R183-JF']
c8b4a042-14d1-11ef-b898-0242ac1c000c.jpg,['R-83-JF']
cae0fd5c-14d1-11ef-b898-0242ac1c000c.jpg,['R183-JF']
ce1879c8-14d1-11ef-b898-0242ac1c000c.jpg,['R181 IF']
d1205816-14d1-11ef-b898-0242ac1c000c.jpg,['R48] IT']
d428af0e-14d1-11ef-b898-0242ac1c000c.jpg,['Ri8 ! I']
d69aac60-14d1-11ef-b898-0242ac1c000c.jpg,['R8] IF']
d86c02e6-14d1-11ef-b898-0242ac1c000c.jpg,['RI8L JD']
da3b6a1c-14d1-11ef-b898-0242ac1c000c.jpg,['KAPWING']
dc172024-14d1-11ef-b898-0242ac1c000c.jpg,['RI8l JE']
df018b3a-14d1-11ef-b898-0242ac1c000c.jpg,['KAPWING']
e1f3c100-14d1-11ef-b898-0242ac1c000c.jpg,['KAPWING']
e4ce68e4-14d1-11ef-b898-0242ac1c000c.jpg,[]
48fa590e-14d2-11ef-a34b-0242ac1c000c.jpg,['KA 01 MK 4871']
6fbae9aa-14d2-11ef-80c5-0242ac1c000c.jpg,['MP 04 cc 2688']
aa555b0e-14d2-11ef-a4f1-0242ac1c000c.jpg,"['MH39 J', '641']"
ac1b0934-14d2-11ef-a4f1-0242ac1c000c.jpg,['MMHB9 J b4i']
add980d4-14d2-11ef-a4f1-0242ac1c000c.jpg,"['MMH?9', 'Jb41']"
b054215c-14d2-11ef-a4f1-0242ac1c000c.jpg,['MHB9 J 54i']
b3535134-14d2-11ef-a4f1-0242ac1c000c.jpg,['MHB9 J 64i']
b647b132-14d2-11ef-a4f1-0242ac1c000c.jpg,"['MH39', 'J5471']"
b933fdba-14d2-11ef-a4f1-0242ac1c000c.jpg,['MH39 J 6471']
bbf5d6e0-14d2-11ef-a4f1-0242ac1c000c.jpg,"['MH39', 'Jb4i']"
bdb9ccf2-14d2-11ef-a4f1-0242ac1c000c.jpg,['MHB9 J 6471']
bf7491e4-14d2-11ef-a4f1-0242ac1c000c.jpg,"['J 5471', 'MQH39']"
c15e2f56-14d2-11ef-a4f1-0242ac1c000c.jpg,"['MH39', 'J 641']"
c42d4474-14d2-11ef-a4f1-0242ac1c000c.jpg,"['MH?9 J', '641']"
c70e4292-14d2-11ef-a4f1-0242ac1c000c.jpg,['MHB9 J 6a7i']
ca01b4e8-14d2-11ef-a4f1-0242ac1c000c.jpg,"['J6471', 'NH39']"
ccf53d50-14d2-11ef-a4f1-0242ac1c000c.jpg,"['J 6471', 'MH39']"
cf4afb1c-14d2-11ef-a4f1-0242ac1c000c.jpg,"['MH39 J', '5471']"
d10bdaac-14d2-11ef-a4f1-0242ac1c000c.jpg,['NHB9 J b47']
d2d2915a-14d2-11ef-a4f1-0242ac1c000c.jpg,"['J b4i', 'MH39']"
d4a09860-14d2-11ef-a4f1-0242ac1c000c.jpg,"['J', '6471', 'MH39']"
d7c693aa-14d2-11ef-a4f1-0242ac1c000c.jpg,"['Jb4i', 'MH39']"
dad4ee2a-14d2-11ef-a4f1-0242ac1c000c.jpg,"['6471', 'MH39']"
de18c9b2-14d2-11ef-a4f1-0242ac1c000c.jpg,"['5471', 'MH39']"
e13d8204-14d2-11ef-a4f1-0242ac1c000c.jpg,"['6471', 'N4HH39']"
e4300fc2-14d2-11ef-a4f1-0242ac1c000c.jpg,"['6471', 'N4H39']"
e72425d8-14d2-11ef-a4f1-0242ac1c000c.jpg,"['5471', 'NQH39']"
e9704312-14d2-11ef-a4f1-0242ac1c000c.jpg,"['541', 'INQH39']"
eb426c9c-14d2-11ef-a4f1-0242ac1c000c.jpg,"['J', '6471', 'MH39']"
ed1d9320-14d2-11ef-a4f1-0242ac1c000c.jpg,"['J b7i', 'IH39']"
ef22262c-14d2-11ef-a4f1-0242ac1c000c.jpg,"['6471', 'MH39']"
f24ee268-14d2-11ef-a4f1-0242ac1c000c.jpg,"['5471', 'NQH39']"
f565ba8a-14d2-11ef-a4f1-0242ac1c000c.jpg,"['6471', 'NQH39']"
f86f8bde-14d2-11ef-a4f1-0242ac1c000c.jpg,"['5j', 'NQH39']"
fb698bfa-14d2-11ef-a4f1-0242ac1c000c.jpg,"['5471', 'JH39']"
fe2ada42-14d2-11ef-a4f1-0242ac1c000c.jpg,"['5471', 'MHB9']"
0000baf8-14d3-11ef-a4f1-0242ac1c000c.jpg,"['5471', 'NHB9']"
01d6563a-14d3-11ef-a4f1-0242ac1c000c.jpg,"['b4', '(HB9']"
03abf8d4-14d3-11ef-a4f1-0242ac1c000c.jpg,"['5411', 'MHB9']"
069fd6f0-14d3-11ef-a4f1-0242ac1c000c.jpg,"['5471', '[HB9 ']"
09b2445e-14d3-11ef-a4f1-0242ac1c000c.jpg,"['61', '(HB9']"
0ca55c64-14d3-11ef-a4f1-0242ac1c000c.jpg,"['541', 'MHB9']"
0f9b5f4a-14d3-11ef-a4f1-0242ac1c000c.jpg,"['541', 'MHB9']"
129d1846-14d3-11ef-a4f1-0242ac1c000c.jpg,"['54@', 'MHB9']"
147568da-14d3-11ef-a4f1-0242ac1c000c.jpg,"['5471', 'MHB9']"
16485730-14d3-11ef-a4f1-0242ac1c000c.jpg,"['5471', 'LHB9']"
181678da-14d3-11ef-a4f1-0242ac1c000c.jpg,"['5471', 'LnhB9_']"
1aaf88f2-14d3-11ef-a4f1-0242ac1c000c.jpg,"['5471', '[nuB9']"
1db5194a-14d3-11ef-a4f1-0242ac1c000c.jpg,"['5471}', 'LNeB9_']"
20b730a6-14d3-11ef-a4f1-0242ac1c000c.jpg,"['54i', '[NEB9']"
23b44dc0-14d3-11ef-a4f1-0242ac1c000c.jpg,['[39 _']
26c973b4-14d3-11ef-a4f1-0242ac1c000c.jpg,['[BB9/']
2991f0c6-14d3-11ef-a4f1-0242ac1c000c.jpg,[]
